14,1,17,64466,35466,1.0256
14,1,17,64466,35466,0.86046
14,1,17,64466,35466,1.2501
14,1,17,64466,35466,0.91991
14,1,17,64466,35466,14.663
14,3,17,64466,35466,2.429
14,3,17,64466,35466,14.365
14,3,17,64466,35466,4.3481
14,3,17,64466,35466,2.9822
14,3,17,64466,35466,0.42419
14,3,17,64466,35466,5.175
14,3,17,64466,35466,0.73384
14,3,17,64466,35466,-22.282
14,3,17,64466,35466,-18.567
14,3,17,64466,35466,7.3588
14,3,17,64466,35466,-4.6863
14,3,17,64466,35466,-2.2631
14,3,17,64466,35466,-7.7517
14,3,17,64466,35466,-15.094
14,3,17,64466,35466,-4.7438
14,3,17,64466,35466,6.0375
14,3,17,64466,35466,0.30891
14,3,17,64466,35466,-17.25
14,3,17,64466,35466,5.8294
14,3,17,64466,35466,-6.8879
14,4,17,64466,35466,0.22344
14,4,17,64466,35466,-30.441
14,4,17,64466,35466,-19.268
14,4,17,64466,35466,-33.38
14,4,17,64466,35466,0.98035
14,4,17,64466,35466,10.781
14,4,17,64466,35466,-13.388
14,4,17,64466,35466,0.23474
14,4,17,64466,35466,12.506
14,4,17,64466,35466,-11.393
14,4,17,64466,35466,-21.009
14,4,17,64466,35466,-12.896
14,4,17,64466,35466,-41.399
14,4,17,64466,35466,10.781
14,4,17,64466,35466,0.62671
14,4,17,64466,35466,0.71185
14,4,17,64466,35466,-35.468
14,4,17,64466,35466,-31.742
14,4,17,64466,35466,-15.314
14,4,17,64466,35466,1.0334
14,4,17,64466,35466,5.1441
14,4,17,64466,35466,0.78363
14,4,17,64466,35466,0.019427
14,4,17,64466,35466,-15.801
14,4,17,64466,35466,0.701
14,4,17,64466,35466,7.3312
14,4,17,64466,35466,-42.32
14,4,17,64466,35466,-15.79
14,4,17,64466,35466,0.49357
14,4,17,64466,35466,-17.449
14,4,17,64466,35466,-6.5813
14,4,17,64466,35466,-40.537
14,4,17,64466,35466,0.96654
14,4,17,64466,35466,-16.664
14,4,17,64466,35466,0.69397
14,4,17,64466,35466,0.89956
14,4,17,64466,35466,-6.7865
14,4,17,64466,35466,5.4967
14,4,17,64466,35466,-21.83
14,4,17,64466,35466,-8.2572
14,4,17,64466,35466,0.8257
14,4,17,64466,35466,-9.0563
14,4,17,64466,35466,-15.98
14,4,17,64466,35466,-13.835
14,4,17,64466,35466,-14.755
14,4,17,64466,35466,-30.075
14,4,17,64466,35466,-8.1938
14,4,17,64466,35466,-9.2695
14,4,17,64466,35466,-27.6
14,4,17,64466,35466,-7.1289
14,4,17,64466,35466,-8.625
14,4,17,64466,35466,-12.506
14,4,17,64466,35466,-8.625
14,4,17,64466,35466,4.2687
14,4,17,64466,35466,1.0045
14,4,17,64466,35466,-21.994
14,4,17,64466,35466,6.6379
14,4,17,64466,35466,1.028
14,4,17,64466,35466,8.0168
14,4,17,64466,35466,0.15441
14,4,17,64466,35466,-7.3313
14,4,17,64466,35466,-18.848
14,4,17,64466,35466,-7.3312
14,4,17,64466,35466,5.6063
14,4,17,64466,35466,0.068236
14,4,17,64466,35466,-7.971
14,5,17,64466,35466,-5.887
14,5,17,64466,35466,-6.9
14,5,17,64466,35466,-13.281
14,5,17,64466,35466,-9.9187
14,5,17,64466,35466,0.3218
14,5,17,64466,35466,-6.0655
14,5,17,64466,35466,-11.889
14,5,17,64466,35466,-6.3428
14,5,17,64466,35466,-16.388
14,5,17,64466,35466,-7.2777
14,5,17,64466,35466,-11.415
14,5,17,64466,35466,-5.4001
14,5,17,64466,35466,-2.4177
14,5,17,64466,35466,-10.648
14,5,17,64466,35466,-6.5327
14,5,17,64466,35466,-13.196
14,5,17,64466,35466,-5.4467
14,5,17,64466,35466,2.703
14,5,17,64466,35466,-9.9187
14,5,17,64466,35466,-10.038
14,5,17,64466,35466,-15.175
14,5,17,64466,35466,1.6857
14,5,17,64466,35466,-9.9298
14,5,17,64466,35466,155.14
14,5,17,64466,35466,-4.3358
14,5,17,64466,35466,0.87607
14,5,17,64466,35466,-3.408
14,5,17,64466,35466,0.9793
14,5,17,64466,35466,0.95799
14,5,17,64466,35466,-16.702
14,5,17,64466,35466,-10.806
14,5,17,64466,35466,-3.2932
14,5,17,64466,35466,-3.2917
14,5,17,64466,35466,-3.1206
14,5,17,64466,35466,-11.837
14,5,17,64466,35466,-13.369
14,5,17,64466,35466,-6.046
14,5,17,64466,35466,-3.9104
14,5,17,64466,35466,-9.1504
14,5,17,64466,35466,0.067901
14,5,17,64466,35466,8.041
14,5,17,64466,35466,-1.1154
14,5,17,64466,35466,-9.6556
14,6,17,64418,34960,2.6533
14,6,17,64418,34960,-20.922
14,6,17,64418,34960,-14.445
14,6,17,64418,34960,-24.368
14,6,17,64418,34960,4.9538
14,6,17,64418,34960,-9.8708
14,6,17,64418,34960,-6.4687
14,6,17,64418,34960,6.4688
14,6,17,64418,34960,0.30399
14,6,17,64418,34960,-4.9253
14,6,17,64418,34960,-2.4182
14,6,17,64418,34960,-18.516
14,6,17,64418,34960,-17.681
14,6,17,64418,34960,-8.9187
14,6,17,64418,34960,-3.9188
14,6,17,64418,34960,-19.19
14,6,17,64418,34960,-12.075
14,6,17,64418,34960,-19.838
14,6,17,64418,34960,-13.369
14,6,17,64418,34960,-5.175
14,6,17,64418,34960,-2.7627
14,6,17,64418,34960,-14.945
14,6,17,64418,34960,4.7437
14,6,17,64418,34960,-16.561
14,6,17,64418,34960,-10.001
14,6,17,64418,34960,-10.868
14,6,17,64418,34960,-12.885
14,6,17,64418,34960,4.4964
14,6,17,64418,34960,-8.0356
14,6,17,64418,34960,-9.4875
14,6,17,64418,34960,-26.738
14,6,17,64418,34960,-14.538
14,6,17,64418,34960,-13.236
14,6,17,64418,34960,0.030391
14,6,17,64418,34960,-8.5018
14,6,17,64418,34960,-6.9
14,6,17,64418,34960,-6.0375
14,6,17,64418,34960,-22.425
14,6,17,64418,34960,0.027924
14,6,17,64418,34960,2.4736
14,6,17,64418,34960,3.9281
14,6,17,64418,34960,-16.782
14,7,17,64418,34960,-6.5467
14,7,17,64418,34960,-6.96
14,7,17,64418,34960,-6.7215
14,7,17,64418,34960,-10.35
14,7,17,64418,34960,7.7625
14,7,17,64418,34960,0.7327
14,7,17,64418,34960,3.4706
14,7,17,64418,34960,0.40014
14,7,17,64418,34960,-2.0509
14,7,17,64418,34960,-5.175
14,7,17,64418,34960,-2.6073
14,7,17,64418,34960,-10.471
14,7,17,64418,34960,1.0829
14,7,17,64418,34960,-7.746
14,7,17,64418,34960,-8.625
14,7,17,64418,34960,-7.903
14,7,17,64418,34960,-9.0562
14,7,17,64418,34960,-21.131
14,7,17,64418,34960,-6.9
14,7,17,64418,34960,-6.4853
14,7,17,64418,34960,-6.558
14,7,17,64418,34960,-8.3729
14,7,17,64418,34960,0.057589
14,7,17,64418,34960,4.4506
14,7,17,64418,34960,-9.8302
14,7,17,64418,34960,-7.7625
14,7,17,64418,34960,8.994
14,7,17,64418,34960,-7.7625
14,7,17,64418,34960,-5.6063
14,7,17,64418,34960,-5.175
14,7,17,64418,34960,6.2028
14,7,17,64418,34960,-5.7197
14,7,17,64418,34960,-11.485
14,7,17,64418,34960,-5.175
14,7,17,64418,34960,-5.6062
14,7,17,64418,34960,-11.644
14,7,17,64418,34960,-12.04
14,7,17,64418,34960,-6.4687
14,7,17,64418,34960,-9.7422
14,7,17,64418,34960,-10.228
14,7,17,64418,34960,-7.0746
14,7,17,64418,34960,5.4507
14,7,17,64418,34960,-8.625
14,7,17,64418,34960,-12.243
14,8,17,64418,34960,0.0086084
14,8,17,64418,34960,16.917
14,8,17,64418,34960,12.698
14,8,17,64418,34960,7.7626
14,8,17,64418,34960,4.5504
14,8,17,64418,34960,14.092
14,8,17,64418,34960,9.2381
14,8,17,64418,34960,3.6322
14,8,17,64418,34960,2.8582
14,8,17,64418,34960,2.3814
14,8,17,64418,34960,9.4981
14,8,17,64418,34960,9.9187
14,8,17,64418,34960,5.3409
14,8,17,64418,34960,5.175
14,8,17,64418,34960,10.533
14,8,17,64418,34960,2.9745
14,8,17,64418,34960,4.3281
14,8,17,64418,34960,8.6582
14,8,17,64418,34960,17.299
14,8,17,64418,34960,2.4956
14,8,17,64418,34960,9.7062
14,8,17,64418,34960,3.3717
14,8,17,64418,34960,8.8562
14,8,17,64418,34960,9.0068
14,8,17,64418,34960,6.0375
14,8,17,64418,34960,5.7752
14,8,17,64418,34960,10.911
14,8,17,64418,34960,6.9
14,8,17,64418,34960,11.272
14,8,17,64418,34960,9.049
14,8,17,64418,34960,8.2431
14,8,17,64418,34960,14.893
14,8,17,64418,34960,9.0562
14,8,17,64418,34960,8.1937
14,8,17,64418,34960,6.1343
14,8,17,64418,34960,9.3104
14,8,17,64418,34960,13.8
14,8,17,64418,34960,9.5507
14,8,17,64418,34960,8.8974
14,8,17,64418,34960,14.157
14,8,17,64418,34960,8.8327
14,8,17,64418,34960,4.7764
14,8,17,64418,34960,7.8528
14,8,17,64418,34960,5.7721
14,8,17,64418,34960,6.4688
14,8,17,64418,34960,12.178
14,8,17,64418,34960,0.82337
14,8,17,64418,34960,8.2383
14,8,17,64418,34960,8.625
14,8,17,64418,34960,13.369
14,8,17,64418,34960,3.9048
14,8,17,64418,34960,5.534
14,8,17,64418,34960,11.549
14,8,17,64418,34960,4.0093
14,8,17,64418,34960,3.8097
14,8,17,64418,34960,0.61356
14,8,17,64418,34960,3.9363
14,8,17,64418,34960,3.729
14,8,17,64418,34960,9.234
14,8,17,64418,34960,15.073
14,9,17,64418,34960,-5.0488
14,9,17,64418,34960,4.3604
14,9,17,64418,34960,-15.397
14,9,17,64418,34960,3.7519
14,9,17,64418,34960,-16.278
14,9,17,64418,34960,-14.569
14,9,17,64418,34960,1.9997
14,9,17,64418,34960,-12.512
14,9,17,64418,34960,-2.324
14,9,17,64418,34960,-3.3017
14,9,17,64418,34960,-12.654
14,9,17,64418,34960,-12.953
14,9,17,64418,34960,2.5991
14,9,17,64418,34960,-4.4158
14,9,17,64418,34960,-4.9506
14,9,17,64418,34960,-10.902
14,9,17,64418,34960,-3.1178
14,9,17,64418,34960,-10.095
14,9,17,64418,34960,-8.8982
14,9,17,64418,34960,-10.008
14,9,17,64418,34960,-11.981
14,9,17,64418,34960,7.8505
14,9,17,64418,34960,-9.0863
14,9,17,64418,34960,-2.8138
14,9,17,64418,34960,12.154
14,9,17,64418,34960,-8.9786
14,9,17,64418,34960,14.178
14,9,17,64418,34960,-15.528
14,9,17,64418,34960,-10.363
14,9,17,64418,34960,-6.233
14,9,17,64418,34960,-4.2183
14,9,17,64418,34960,-17.069
14,9,17,64418,34960,9.3946
14,9,17,64418,34960,-12.506
14,9,17,64418,34960,7.987
14,9,17,64418,34960,-7.1573
14,9,17,64418,34960,6.32
14,9,17,64418,34960,-10.657
14,9,17,64418,34960,-13.925
14,9,17,64418,34960,9.4626
14,9,17,64418,34960,5.6292
14,9,17,64418,34960,11.529
14,9,17,64418,34960,-7.3507
14,9,17,64418,34960,10.781
14,9,17,64418,34960,7.4869
14,9,17,64418,34960,-5.8469
14,9,17,64418,34960,4.2792
14,9,17,64418,34960,-6.9048
14,9,17,64418,34960,-7.7625
14,9,17,64418,34960,-5.7976
14,9,17,64418,34960,-3.8156
14,9,17,64418,34960,10.835
14,9,17,64418,34960,-9.9695
14,9,17,64418,34960,7.8223
14,9,17,64418,34960,-7.0544
14,9,17,64418,34960,-7.3312
14,9,17,64418,34960,-3.4522
14,9,17,64418,34960,-5.6651
14,9,17,64418,34960,-13.393
14,10,17,63577,33879,-4.5462
14,10,17,63577,33879,5.7544
14,10,17,63577,33879,-14.991
14,10,17,63577,33879,6.6016
14,10,17,63577,33879,3.9779
14,10,17,63577,33879,-4.0471
14,10,17,63577,33879,-3.2527
14,10,17,63577,33879,-9.7392
14,10,17,63577,33879,-7.3307
14,10,17,63577,33879,-2.7106
14,10,17,63577,33879,5.4126
14,10,17,63577,33879,-6.1799
14,10,17,63577,33879,0.31939
14,10,17,63577,33879,-2.4888
14,10,17,63577,33879,-8.1275
14,10,17,63577,33879,-6.4687
14,10,17,63577,33879,5.9046
14,10,17,63577,33879,-17.485
14,10,17,63577,33879,-3.1135
14,10,17,63577,33879,6.889
14,10,17,63577,33879,-13.8
14,10,17,63577,33879,-11.448
14,10,17,63577,33879,-13.56
14,10,17,63577,33879,-11.123
14,10,17,63577,33879,-10.368
14,10,17,63577,33879,2.5142
14,10,17,63577,33879,6.9452
14,10,17,63577,33879,6.9
14,10,17,63577,33879,-9.4875
14,10,17,63577,33879,-5.458
14,10,17,63577,33879,-2.2755
14,10,17,63577,33879,5.8991
14,10,17,63577,33879,7.0044
14,10,17,63577,33879,-12.675
14,10,17,63577,33879,18.975
14,10,17,63577,33879,-7.7758
14,10,17,63577,33879,3.4317
14,10,17,63577,33879,3.8259
14,10,17,63577,33879,-2.033
14,10,17,63577,33879,-22.673
14,10,17,63577,33879,5.128
14,10,17,63577,33879,-9.9999
14,10,17,63577,33879,-5.5246
14,10,17,63577,33879,-8.625
14,10,17,63577,33879,6.9
14,10,17,63577,33879,-2.4258
14,10,17,63577,33879,6.9868
14,10,17,63577,33879,-17.216
14,10,17,63577,33879,-7.9818
14,10,17,63577,33879,5.6048
14,10,17,63577,33879,-2.4325
14,10,17,63577,33879,-10.734
14,10,17,63577,33879,-3.0359
14,10,17,63577,33879,4.7864
14,10,17,63577,33879,4.3756
14,10,17,63577,33879,-6.0375
14,10,17,63577,33879,7.1825
14,10,17,63577,33879,6.209
14,10,17,63577,33879,6.798
14,10,17,63577,33879,-3.8056
14,11,17,63578,33879,3.7072
14,11,17,63578,33879,0.56544
14,11,17,63578,33879,-2.0643
14,11,17,63578,33879,-2.8316
14,11,17,63578,33879,-6.0375
14,11,17,63578,33879,0.66863
14,11,17,63578,33879,14.29
14,11,17,63578,33879,-3.2593
14,11,17,63578,33879,-7.7625
14,11,17,63578,33879,0.94521
14,11,17,63578,33879,14.611
14,11,17,63578,33879,4.1976
14,11,17,63578,33879,-9.4875
14,11,17,63578,33879,-18.502
14,11,17,63578,33879,0.95829
14,11,17,63578,33879,3.795
14,11,17,63578,33879,-3.795
14,11,17,63578,33879,-2.9038
14,11,17,63578,33879,5.6062
14,11,17,63578,33879,6.4687
14,11,17,63578,33879,-15.93
14,11,17,63578,33879,0.27704
14,11,17,63578,33879,2.2072
14,11,17,63578,33879,-14.555
14,11,17,63578,33879,-2.1647
14,12,17,63149,32614,15.665
14,12,17,63149,32614,12.767
14,12,17,63149,32614,-7.3313
14,12,17,63149,32614,3.2914
14,12,17,63149,32614,-3.9205
14,12,17,63149,32614,5.984
14,12,17,63149,32614,4.3747
14,12,17,63149,32614,4.7769
14,12,17,63149,32614,-5.175
14,12,17,63149,32614,-21.131
14,12,17,63149,32614,-6.4788
14,12,17,63149,32614,9.9187
14,12,17,63149,32614,0.54018
14,12,17,63149,32614,0.98102
14,12,17,63149,32614,8.9859
14,12,17,63149,32614,12.812
14,12,17,63149,32614,-8.6027
14,13,17,63149,32614,12.418
14,13,17,63149,32614,0.45758
14,13,17,63149,32614,-17.222
14,13,17,63149,32614,5.9343
14,13,17,63149,32614,-10.984
14,13,17,63149,32614,-4.3588
14,13,17,63149,32614,3.2388
14,13,17,63149,32614,-10.781
14,13,17,63149,32614,-11.586
14,13,17,63149,32614,-3.6709
14,13,17,63149,32614,7.7625
14,13,17,63149,32614,5.6062
14,13,17,63149,32614,-6.0583
14,13,17,63149,32614,-3.1541
14,13,17,63149,32614,10.781
14,13,17,63149,32614,-3.3198
14,13,17,63149,32614,-5.834
14,13,17,63149,32614,7.3661
14,13,17,63149,32614,2.3333
14,13,17,63149,32614,-4.1798
14,14,17,62690,31050,3.1625
14,14,17,62690,31050,0.53662
14,14,17,62690,31050,11.791
14,14,17,62690,31050,-26.193
14,14,17,62690,31050,-31.505
14,14,17,62690,31050,-31.912
14,14,17,62690,31050,-16.702
14,14,17,62690,31050,-6.4688
14,14,17,62690,31050,-0.036413
14,14,17,62690,31050,3.9195
14,14,17,62690,31050,7.8289
14,14,17,62690,31050,4.7438
14,14,17,62690,31050,0.88261
14,14,17,62690,31050,5.175
14,14,17,62690,31050,5.6062
14,14,17,62690,31050,8.9515
14,15,17,62690,31050,10.34
14,15,17,62690,31050,9.6839
14,15,17,62690,31050,0.025466
14,15,17,62690,31050,7.3312
14,15,17,62690,31050,8.5871
14,15,17,62690,31050,12.364
14,15,17,62690,31050,8.625
14,15,17,62690,31050,12.517
14,15,17,62690,31050,-4.3294
14,15,17,62690,31050,0.20397
14,15,17,62690,31050,6.9411
14,15,17,62690,31050,6.9191
14,15,17,62690,31050,4.1021
14,15,17,62690,31050,-5.0047
14,15,17,62690,31050,22.027
14,15,17,62690,31050,5.6994
14,15,17,62690,31050,6.0375
14,15,17,62690,31050,9.9187
14,15,17,62690,31050,6.5753
14,15,17,62690,31050,4.313
14,15,17,62690,31050,10.071
14,15,17,62690,31050,8.9353
14,15,17,62690,31050,14.662
14,15,17,62690,31050,3.5196
14,15,17,62690,31050,0.72355
14,15,17,62690,31050,-4.1266
14,15,17,62690,31050,8.7112
14,15,17,62690,31050,13.787
14,15,17,62690,31050,0.76763
14,15,17,62690,31050,4.5052
14,15,17,62690,31050,3.8092
14,15,17,62690,31050,7.4121
14,15,17,62690,31050,0.73406
14,15,17,62690,31050,14.807
14,15,17,62690,31050,-6.728
14,15,17,62690,31050,7.0332
14,15,17,62690,31050,2.761
14,15,17,62690,31050,3.4004
14,15,17,62690,31050,0.99507
14,15,17,62690,31050,11.975
14,15,17,62690,31050,5.6063
14,15,17,62690,31050,9.4141
14,15,17,62690,31050,-20.407
14,15,17,62690,31050,24.761
14,16,17,62690,31050,11.967
14,16,17,62690,31050,-4.7053
14,16,17,62690,31050,4.187
14,16,17,62690,31050,-20.08
14,16,17,62690,31050,0.65478
14,16,17,62690,31050,-8.3858
14,16,17,62690,31050,14.615
14,17,17,59401,29808,0.95128
14,17,17,59401,29808,-9.3581
14,18,17,59402,29808,16.819
14,18,17,59402,29808,-15.266
14,18,17,59402,29808,0.11592
14,18,17,59402,29808,14.663
14,18,17,59402,29808,0.18682
14,18,17,59402,29808,22.856
14,18,17,59402,29808,0.27869
14,18,17,59402,29808,-12.083
14,18,17,59402,29808,60.949
14,18,17,59402,29808,12.232
14,18,17,59402,29808,1.0961
14,18,17,59402,29808,52.213
14,18,17,59402,29808,44.788
14,18,17,59402,29808,1.0468
14,18,17,59402,29808,3.2996
14,18,17,59402,29808,2.3449
14,18,17,59402,29808,55.592
14,18,17,59402,29808,-11.659
14,18,17,59402,29808,53.044
14,18,17,59402,29808,12.785
14,18,17,59402,29808,1.8391
14,18,17,59402,29808,-10.781
14,18,17,59402,29808,66.598
14,18,17,59402,29808,-5.6062
14,18,17,59402,29808,-12.938
14,18,17,59402,29808,9.9188
14,18,17,59402,29808,9.8441
14,18,17,59402,29808,19.406
14,18,17,59402,29808,29.756
14,18,17,59402,29808,66.139
14,18,17,59402,29808,-18.935
14,18,17,59402,29808,0.15861
14,19,17,59402,29808,-10.664
14,19,17,59402,29808,3.3485
14,19,17,59402,29808,-8.8624
14,19,17,59402,29808,-9.7333
14,19,17,59402,29808,-3.5408
14,19,17,59402,29808,8.4561
14,19,17,59402,29808,2.3229
14,19,17,59402,29808,-6.619
14,19,17,59402,29808,3.6656
14,19,17,59402,29808,-5.4063
14,19,17,59402,29808,-8.9166
14,19,17,59402,29808,-10.382
14,19,17,59402,29808,-11.84
14,19,17,59402,29808,2.9477
14,19,17,59402,29808,-16.338
14,19,17,59402,29808,-5.9119
14,19,17,59402,29808,3.4583
14,19,17,59402,29808,7.7625
14,19,17,59402,29808,-10.424
14,19,17,59402,29808,-5.8048
14,19,17,59402,29808,3.9549
14,19,17,59402,29808,3.6435
14,19,17,59402,29808,-10.614
14,19,17,59402,29808,-10.562
14,19,17,59402,29808,-5.06
14,19,17,59402,29808,-5.5179
14,19,17,59402,29808,-6.1528
14,19,17,59402,29808,-9.8976
14,19,17,59402,29808,3.8557
14,19,17,59402,29808,-3.3442
14,19,17,59402,29808,-5.6062
14,19,17,59402,29808,-6.3401
14,19,17,59402,29808,6.0731
14,19,17,59402,29808,-4.5687
14,19,17,59402,29808,-17.915
14,19,17,59402,29808,-10.555
14,19,17,59402,29808,-6.2674
14,19,17,59402,29808,-4.9704
14,19,17,59402,29808,0.12346
14,19,17,59402,29808,-12.717
14,19,17,59402,29808,-2.839
14,19,17,59402,29808,-9.7112
14,19,17,59402,29808,3.7341
14,19,17,59402,29808,4.9669
14,19,17,59402,29808,-21.655
14,19,17,59402,29808,-4.7438
14,19,17,59402,29808,-5.3881
14,19,17,59402,29808,-12.728
14,19,17,59402,29808,-11.073
14,20,17,53474,24426,-8.6624
14,20,17,53474,24426,-14.066
14,20,17,53474,24426,1.3449
14,20,17,53474,24426,-7.7556
14,20,17,53474,24426,5.9618
14,20,17,53474,24426,-6.5061
14,20,17,53474,24426,-16.387
14,20,17,53474,24426,-3.6737
14,20,17,53474,24426,2.5983
14,20,17,53474,24426,-7.7964
14,20,17,53474,24426,-4.451
14,20,17,53474,24426,-9.3105
14,20,17,53474,24426,-7.9131
14,20,17,53474,24426,-5.4556
14,20,17,53474,24426,-7.6607
14,20,17,53474,24426,-7.2871
14,20,17,53474,24426,7.0074
14,20,17,53474,24426,14.252
14,20,17,53474,24426,-9.1144
14,20,17,53474,24426,-7.0183
14,20,17,53474,24426,-35.363
14,20,17,53474,24426,-7.9605
14,20,17,53474,24426,6.1691
14,20,17,53474,24426,4.0218
14,20,17,53474,24426,11.655
14,20,17,53474,24426,-3.0572
14,20,17,53474,24426,-7.0751
14,20,17,53474,24426,-9.3377
14,20,17,53474,24426,-5.3955
14,20,17,53474,24426,0.22245
14,20,17,53474,24426,15.609
14,20,17,53474,24426,-4.3566
14,20,17,53474,24426,5.6623
14,20,17,53474,24426,-5.8799
14,20,17,53474,24426,-8.9675
14,20,17,53474,24426,-10.503
14,20,17,53474,24426,-4.7223
14,20,17,53474,24426,-5.6063
14,20,17,53474,24426,-9.0705
14,20,17,53474,24426,-8.218
14,20,17,53474,24426,-6.9939
14,20,17,53474,24426,-7.8967
14,20,17,53474,24426,-5.8686
14,20,17,53474,24426,-4.2616
14,20,17,53474,24426,-8.043
14,20,17,53474,24426,-12.71
14,20,17,53474,24426,-5.6954
14,20,17,53474,24426,4.8185
14,20,17,53474,24426,8.7182
14,20,17,53474,24426,15.381
14,20,17,53474,24426,-5.6062
14,20,17,53474,24426,-11.301
14,20,17,53474,24426,-14.919
14,20,17,53474,24426,-9.6821
14,20,17,53474,24426,-8.6394
14,20,17,53474,24426,-9.3204
14,20,17,53474,24426,-7.7717
14,20,17,53474,24426,-5.177
14,20,17,53474,24426,16.51
14,20,17,53474,24426,3.3665
14,20,17,53474,24426,-8.8369
14,20,17,53474,24426,-3.9287
14,20,17,53474,24426,-9.2012
14,20,17,53474,24426,-10.136
14,20,17,53474,24426,-5.889
14,20,17,53474,24426,-4.702
14,20,17,53474,24426,-7.8469
14,20,17,53474,24426,-7.3074
14,20,17,53474,24426,-8.1474
14,20,17,53474,24426,2.4116
14,20,17,53474,24426,9.7873
14,20,17,53474,24426,-8.9171
14,20,17,53474,24426,14.591
14,20,17,53474,24426,-5.2333
14,20,17,53474,24426,10.56
14,20,17,53474,24426,0.54685
14,20,17,53474,24426,-8.3402
14,20,17,53474,24426,-8.7944
14,20,17,53474,24426,-7.1266
14,20,17,53474,24426,-8.0526
14,20,17,53474,24426,16.217
14,20,17,53474,24426,-10.742
14,20,17,53474,24426,-2.7107
14,20,17,53474,24426,2.9674
14,20,17,53474,24426,5.5487
14,20,17,53474,24426,-3.4879
14,20,17,53474,24426,-9.3507
14,20,17,53474,24426,-5.175
14,20,17,53474,24426,-3.9746
14,20,17,53474,24426,-2.2971
14,20,17,53474,24426,0.58474
14,20,17,53474,24426,6.4366
14,20,17,53474,24426,-4.8337
14,20,17,53474,24426,-9.6918
14,20,17,53474,24426,7.859
14,20,17,53474,24426,-8.9208
14,20,17,53474,24426,-7.3881
14,20,17,53474,24426,-3.914
14,20,17,53474,24426,-4.3125
14,20,17,53474,24426,8.5601
14,20,17,53474,24426,2.5903
14,20,17,53474,24426,-6.0196
14,20,17,53474,24426,1.1643
14,20,17,53474,24426,-6.9382
14,20,17,53474,24426,6.0456
14,20,17,53474,24426,-2.0538
14,20,17,53474,24426,-5.9492
14,21,17,53993,24518,-17.729
14,21,17,53993,24518,-6.9
14,21,17,53993,24518,-10.486
14,21,17,53993,24518,-8.5233
14,21,17,53993,24518,-8.2914
14,21,17,53993,24518,-8.7843
14,21,17,53993,24518,-4.9253
14,21,17,53993,24518,-0.011785
14,21,17,53993,24518,-2.7502
14,21,17,53993,24518,-11.816
14,21,17,53993,24518,-14.308
14,21,17,53993,24518,-11.217
14,21,17,53993,24518,-16.834
14,21,17,53993,24518,0.89683
14,21,17,53993,24518,-13.373
14,21,17,53993,24518,-9.6051
14,21,17,53993,24518,-10.348
14,21,17,53993,24518,-6.4687
14,21,17,53993,24518,-3.6865
14,21,17,53993,24518,2.6183
14,21,17,53993,24518,-9.1433
14,21,17,53993,24518,-9.2788
14,21,17,53993,24518,-7.0681
14,21,17,53993,24518,-9.9187
14,21,17,53993,24518,-8.4468
14,21,17,53993,24518,-6.4687
14,21,17,53993,24518,-11.69
14,21,17,53993,24518,-6.0854
14,21,17,53993,24518,-13.236
14,21,17,53993,24518,-9.6409
14,21,17,53993,24518,-11.521
14,21,17,53993,24518,-10.604
14,21,17,53993,24518,-13.398
14,21,17,53993,24518,-9.6453
14,21,17,53993,24518,-10.877
14,21,17,53993,24518,-8.8321
14,21,17,53993,24518,-12.001
14,21,17,53993,24518,4.5097
14,21,17,53993,24518,-12.418
14,21,17,53993,24518,-4.7766
14,21,17,53993,24518,-6.9002
14,21,17,53993,24518,-9.6302
14,21,17,53993,24518,-3.7154
14,21,17,53993,24518,4.8839
14,21,17,53993,24518,-8.1938
14,21,17,53993,24518,-9.0009
14,21,17,53993,24518,-7.9665
14,21,17,53993,24518,6.0594
14,21,17,53993,24518,-11.212
14,21,17,53993,24518,-6.0375
14,21,17,53993,24518,-3.8685
14,21,17,53993,24518,-6.881
14,21,17,53993,24518,-9.3962
14,21,17,53993,24518,2.413
14,21,17,53993,24518,-13.052
14,21,17,53993,24518,-8.5389
14,21,17,53993,24518,-12.708
14,21,17,53993,24518,-16.247
14,21,17,53993,24518,-9.4875
14,21,17,53993,24518,3.0137
14,21,17,53993,24518,-3.4119
14,21,17,53993,24518,1.5867
14,21,17,53993,24518,-7.4365
14,21,17,53993,24518,-9.4258
14,21,17,53993,24518,3.1895
14,21,17,53993,24518,-8.0362
14,21,17,53993,24518,-5.7452
14,21,17,53993,24518,-5.4574
14,22,17,53993,24518,-4.5098
14,22,17,53993,24518,-6.8526
14,22,17,53993,24518,0.0022427
14,22,17,53993,24518,-3.1768
14,22,17,53993,24518,-2.7245
14,22,17,53993,24518,-7.9103
14,22,17,53993,24518,-6.0375
14,22,17,53993,24518,-5.2029
14,22,17,53993,24518,3.4441
14,22,17,53993,24518,7.5895
14,22,17,53993,24518,8.279
14,22,17,53993,24518,-5.6765
14,22,17,53993,24518,-5.865
14,22,17,53993,24518,-3.0857
14,22,17,53993,24518,-6.1749
14,22,17,53993,24518,-2.1095
14,22,17,53993,24518,0.17539
14,22,17,53993,24518,-0.60647
14,22,17,53993,24518,-11.984
14,22,17,53993,24518,-5.6063
14,22,17,53993,24518,-2.9303
14,22,17,53993,24518,-5.6584
14,22,17,53993,24518,-6.1425
14,22,17,53993,24518,-1.7396
14,22,17,53993,24518,-8.3745
14,22,17,53993,24518,-12.108
14,22,17,53993,24518,-10.331
14,22,17,53993,24518,-6.0804
14,22,17,53993,24518,-10.574
14,22,17,53993,24518,2.618
14,22,17,53993,24518,-7.4887
14,22,17,53993,24518,-8.6339
14,22,17,53993,24518,0.43336
14,22,17,53993,24518,-7.4168
14,22,17,53993,24518,7.9815
14,22,17,53993,24518,-9.3013
14,22,17,53993,24518,-6.4687
14,22,17,53993,24518,-11.742
14,22,17,53993,24518,6.0945
14,22,17,53993,24518,-6.4728
14,22,17,53993,24518,-5.9295
14,22,17,53993,24518,-9.0563
14,22,17,53993,24518,-8.625
14,22,17,53993,24518,-7.0288
14,22,17,53993,24518,8.4363
14,22,17,53993,24518,-5.0803
14,22,17,53993,24518,-6.8163
14,22,17,53993,24518,-12.387
14,22,17,53993,24518,-6.3609
14,22,17,53993,24518,-11.392
14,22,17,53993,24518,-5.1894
14,22,17,53993,24518,-9.7588
14,22,17,53993,24518,-6.0913
14,22,17,53993,24518,-9.8415
14,22,17,53993,24518,-10.171
14,22,17,53993,24518,-7.0802
14,22,17,53993,24518,-7.3082
14,22,17,53993,24518,-2.5623
14,22,17,53993,24518,-8.1938
14,22,17,53993,24518,-6.1734
14,22,17,53993,24518,5.546
14,22,17,53993,24518,-4.7437
14,22,17,53993,24518,-9.1073
14,22,17,53993,24518,-3.4639
14,22,17,53993,24518,11.095
14,22,17,53993,24518,-6.0715
14,22,17,53993,24518,-9.7372
14,22,17,53993,24518,-11.212
14,22,17,53993,24518,-8.625
14,22,17,53993,24518,-6.4977
14,22,17,53993,24518,-6.0375
14,22,17,53993,24518,4.0704
14,22,17,53993,24518,-4.7876
14,22,17,53993,24518,-7.6312
14,23,17,53872,23598,-3.0299
14,23,17,53872,23598,-3.437
14,23,17,53872,23598,-5.1921
14,23,17,53872,23598,-13.543
14,23,17,53872,23598,-2.3103
14,23,17,53872,23598,-2.5659
14,23,17,53872,23598,-7.3124
14,23,17,53872,23598,-4.769
14,23,17,53872,23598,-3.1437
14,23,17,53872,23598,-2.952
14,23,17,53872,23598,2.3111
14,23,17,53872,23598,-6.0478
14,23,17,53872,23598,-4.0219
14,23,17,53872,23598,-5.6062
14,23,17,53872,23598,-3.6169
14,23,17,53872,23598,2.8817
14,23,17,53872,23598,-10.203
14,23,17,53872,23598,-9.1984
14,23,17,53872,23598,-3.5424
14,23,17,53872,23598,2.8151
14,23,17,53872,23598,-2.9777
14,23,17,53872,23598,-2.917
14,23,17,53872,23598,-6.2721
14,23,17,53872,23598,-10.604
14,23,17,53872,23598,-9.0562
14,23,17,53872,23598,-12.614
14,23,17,53872,23598,-2.9387
14,23,17,53872,23598,-6.0375
14,23,17,53872,23598,-3.1126
14,23,17,53872,23598,-13.092
14,23,17,53872,23598,-3.6786
14,23,17,53872,23598,-3.2806
14,23,17,53872,23598,2.6928
14,23,17,53872,23598,-3.3716
14,23,17,53872,23598,-4.9595
14,23,17,53872,23598,-3.1545
14,23,17,53872,23598,-3.0188
14,23,17,53872,23598,-2.9711
14,23,17,53872,23598,-5.8757
14,23,17,53872,23598,3.0223
14,23,17,53872,23598,-5.6433
14,23,17,53872,23598,-2.8189
14,23,17,53872,23598,-5.2963
14,23,17,53872,23598,-4.3022
14,23,17,53872,23598,-2.4405
14,23,17,53872,23598,-7.6072
14,23,17,53872,23598,-4.6851
14,23,17,53872,23598,-5.2965
14,23,17,53872,23598,-8.1937
14,23,17,53872,23598,-6.1645
14,23,17,53872,23598,-15.827
14,23,17,53872,23598,0.92278
14,23,17,53872,23598,-4.7724
14,23,17,53872,23598,-9.0787
14,23,17,53872,23598,-7.5636
14,23,17,53872,23598,-2.7058
14,23,17,53872,23598,-12.075
14,23,17,53872,23598,-4.3706
14,23,17,53872,23598,-3.2092
14,23,17,53872,23598,-2.8603
14,23,17,53872,23598,-7.7535
14,23,17,53872,23598,-2.6919
14,23,17,53872,23598,-5.2715
14,23,17,53872,23598,-2.1739
14,24,17,53872,23598,-37.087
14,24,17,53872,23598,-3.196
14,24,17,53872,23598,-8.1938
14,24,17,53872,23598,-4.4543
14,25,17,53872,23598,4.8734
14,25,17,53872,23598,-2.2744
14,25,17,53872,23598,-9.8053
14,25,17,53872,23598,4.9484
14,25,17,53872,23598,-7.9588
14,25,17,53872,23598,-8.9525
14,25,17,53872,23598,2.2533
14,25,17,53872,23598,-8.6515
14,25,17,53872,23598,-3.1648
14,25,17,53872,23598,3.6554
14,25,17,53872,23598,-4.2674
14,25,17,53872,23598,3.4982
14,25,17,53872,23598,-5.9216
14,25,17,53872,23598,8.625
14,25,17,53872,23598,-3.8111
14,25,17,53872,23598,3.2657
14,25,17,53872,23598,3.8747
14,25,17,53872,23598,2.8991
14,25,17,53872,23598,-3.392
14,25,17,53872,23598,0.69592
14,25,17,53872,23598,3.8806
14,25,17,53872,23598,3.1298
14,25,17,53872,23598,3.5153
14,25,17,53872,23598,9.1504
14,25,17,53872,23598,3.5792
14,25,17,53872,23598,4.9974
14,25,17,53872,23598,-9.8895
14,25,17,53872,23598,-5.9122
14,25,17,53872,23598,7.9969
14,25,17,53872,23598,4.3138
14,25,17,53872,23598,2.078
14,25,17,53872,23598,4.7769
14,25,17,53872,23598,-8.625
14,25,17,53872,23598,-1.7955
14,25,17,53872,23598,9.3888
14,25,17,53872,23598,5.0547
14,25,17,53872,23598,-5.2179
14,25,17,53872,23598,6.6718
14,25,17,53872,23598,3.2391
14,25,17,53872,23598,7.4283
14,25,17,53872,23598,-2.008
14,25,17,53872,23598,3.442
14,25,17,53872,23598,5.9278
14,25,17,53872,23598,5.2965
14,25,17,53872,23598,2.4967
14,25,17,53872,23598,-7.8892
14,25,17,53872,23598,0.63337
14,25,17,53872,23598,-2.5012
14,25,17,53872,23598,-4.9826
14,25,17,53872,23598,3.6665
14,25,17,53872,23598,6.6886
14,25,17,53872,23598,-8.522
14,25,17,53872,23598,-8.1683
14,25,17,53872,23598,4.4011
14,25,17,53872,23598,-2.8126
14,25,17,53872,23598,-0.0026096
14,25,17,53872,23598,2.0295
14,25,17,53872,23598,7.0552
14,25,17,53872,23598,-5.7887
14,25,17,53872,23598,5.4024
14,25,17,53872,23598,3.4623
14,25,17,53872,23598,6.6446
14,25,17,53872,23598,6.0633
14,25,17,53872,23598,4.65
14,25,17,53872,23598,2.2445
14,25,17,53872,23598,-6.5835
14,25,17,53872,23598,-3.5196
14,25,17,53872,23598,4.5591
14,26,17,53406,22770,7.0239
14,26,17,53406,22770,-6.9
14,26,17,53406,22770,-5.4988
14,26,17,53406,22770,-4.3834
14,26,17,53406,22770,-3.8812
14,27,17,53009,22816,3.753
14,27,17,53009,22816,9.4849
14,27,17,53009,22816,2.6295
14,27,17,53009,22816,-4.8794
14,27,17,53009,22816,7.9965
14,27,17,53009,22816,5.8801
14,27,17,53009,22816,-3.4932
14,27,17,53009,22816,-5.8626
14,27,17,53009,22816,-4.9233
14,27,17,53009,22816,-3.7337
14,27,17,53009,22816,6.0375
14,27,17,53009,22816,-5.1283
14,27,17,53009,22816,-2.8567
14,27,17,53009,22816,5.6454
14,27,17,53009,22816,-1.9225
14,27,17,53009,22816,5.4264
14,27,17,53009,22816,-2.2048
14,27,17,53009,22816,-3.5314
14,27,17,53009,22816,7.424
14,27,17,53009,22816,-3.1625
14,27,17,53009,22816,7.4925
14,28,17,50681,17957,4.0362
14,28,17,50681,17957,4.3987
14,28,17,50681,17957,2.7434
14,28,17,50681,17957,4.3449
14,28,17,50681,17957,5.7078
14,28,17,50681,17957,-7.1233
14,28,17,50681,17957,11.467
14,28,17,50681,17957,3.3677
14,28,17,50681,17957,2.4155
14,28,17,50681,17957,3.7974
14,28,17,50681,17957,8.7966
14,28,17,50681,17957,4.3552
14,28,17,50681,17957,0.62889
14,28,17,50681,17957,10.649
14,28,17,50681,17957,-5.2492
14,28,17,50681,17957,8.9073
14,28,17,50681,17957,5.3942
14,28,17,50681,17957,3.898
14,28,17,50681,17957,12.874
14,28,17,50681,17957,3.0442
14,28,17,50681,17957,4.0046
14,28,17,50681,17957,8.1306
14,28,17,50681,17957,3.9889
14,28,17,50681,17957,6.0985
14,28,17,50681,17957,8.4469
14,28,17,50681,17957,8.3514
14,28,17,50681,17957,8.7966
14,28,17,50681,17957,4.555
14,28,17,50681,17957,4.2221
14,28,17,50681,17957,9.6138
14,28,17,50681,17957,6.0655
14,28,17,50681,17957,-3.9636
14,28,17,50681,17957,4.3988
14,28,17,50681,17957,3.9243
14,28,17,50681,17957,9.8913
14,28,17,50681,17957,7.7794
14,28,17,50681,17957,5.8381
14,28,17,50681,17957,5.3815
14,28,17,50681,17957,11.44
14,28,17,50681,17957,10.255
14,28,17,50681,17957,2.5472
14,28,17,50681,17957,7.1263
14,28,17,50681,17957,1.1158
14,28,17,50681,17957,8.4158
14,28,17,50681,17957,3.4605
14,28,17,50681,17957,10.738
14,28,17,50681,17957,6.6413
14,28,17,50681,17957,6.9
14,28,17,50681,17957,8.625
14,28,17,50681,17957,2.0775
14,28,17,50681,17957,8.8374
14,28,17,50681,17957,7.3509
14,28,17,50681,17957,5.8498
14,28,17,50681,17957,0.82343
14,28,17,50681,17957,4.458
14,28,17,50681,17957,-5.4681
14,28,17,50681,17957,7.7625
14,28,17,50681,17957,10.463
14,28,17,50681,17957,6.1949
14,28,17,50681,17957,12.937
14,28,17,50681,17957,5.6063
14,28,17,50681,17957,2.7141
14,28,17,50681,17957,5.175
14,28,17,50681,17957,2.807
14,28,17,50681,17957,15.956
14,28,17,50681,17957,8.625
14,28,17,50681,17957,3.4733
14,28,17,50681,17957,6.9
14,28,17,50681,17957,2.9805
14,28,17,50681,17957,5.3983
14,29,17,50681,17957,5.1411
14,29,17,50681,17957,5.7108
14,29,17,50681,17957,10.781
14,29,17,50681,17957,6.4247
14,29,17,50681,17957,146.65
14,29,17,50681,17957,6.5839
14,29,17,50681,17957,10.374
14,29,17,50681,17957,8.0473
14,29,17,50681,17957,5.175
14,29,17,50681,17957,0.056071
14,29,17,50681,17957,6.6375
14,29,17,50681,17957,8.8838
14,29,17,50681,17957,5.3131
14,29,17,50681,17957,8.3397
14,29,17,50681,17957,6.0668
14,29,17,50681,17957,6.3419
14,29,17,50681,17957,4.702
14,29,17,50681,17957,8.3631
14,29,17,50681,17957,9.3582
14,29,17,50681,17957,9.2815
14,29,17,50681,17957,9.0187
14,29,17,50681,17957,7.7625
14,29,17,50681,17957,10.587
14,29,17,50681,17957,8.1938
14,30,17,50784,15249,-9.2901
14,30,17,50784,15249,10.781
14,30,17,50784,15249,-10.715
14,30,17,50784,15249,-10.35
14,30,17,50784,15249,0.052731
14,30,17,50784,15249,0.57898
14,30,17,50784,15249,6.4688
14,30,17,50784,15249,0.13057
14,30,17,50784,15249,-11.636
14,30,17,50784,15249,-24.675
14,30,17,50784,15249,-15.2
14,30,17,50784,15249,-5.9205
14,30,17,50784,15249,2.2752
14,30,17,50784,15249,-3.5415
14,30,17,50784,15249,-3.2862
14,30,17,50784,15249,-11.644
14,30,17,50784,15249,2.9404
14,30,17,50784,15249,-22.075
14,30,17,50784,15249,0.24882
14,30,17,50784,15249,0.35916
14,30,17,50784,15249,-5.6535
14,30,17,50784,15249,-6.6912
14,30,17,50784,15249,5.8144
14,30,17,50784,15249,-7.6136
14,30,17,50784,15249,0.30671
14,30,17,50784,15249,-19.406
14,30,17,50784,15249,9.0126
14,30,17,50784,15249,5.6011
14,30,17,50784,15249,-5.2609
14,30,17,50784,15249,-16.587
14,30,17,50784,15249,6.9984
14,30,17,50784,15249,-20.405
14,30,17,50784,15249,-4.0221
14,30,17,50784,15249,7.88
14,30,17,50784,15249,15.825
14,30,17,50784,15249,0.75565
14,30,17,50784,15249,-19.212
14,30,17,50784,15249,11.758
14,30,17,50784,15249,-3.5858
14,30,17,50784,15249,5.7042
14,30,17,50784,15249,-3.2605
14,30,17,50784,15249,-7.7625
14,30,17,50784,15249,0.53512
14,30,17,50784,15249,-10.35
14,30,17,50784,15249,-15.693
14,30,17,50784,15249,3.6512
14,30,17,50784,15249,7.6826
14,30,17,50784,15249,0.82014
14,30,17,50784,15249,-29.128
14,30,17,50784,15249,-4.5862
14,30,17,50784,15249,-5.6282
14,30,17,50784,15249,-10.781
14,30,17,50784,15249,-4.0753
14,30,17,50784,15249,-3.4857
14,30,17,50784,15249,1.1321
14,30,17,50784,15249,-4.71
14,30,17,50784,15249,-4.7437
14,30,17,50784,15249,1.0138
14,30,17,50784,15249,-11.173
14,30,17,50784,15249,4.064
14,30,17,50784,15249,-24.581
14,30,17,50784,15249,-7.7625
14,30,17,50784,15249,5.6371
14,30,17,50784,15249,7.3996
14,30,17,50784,15249,9.5067
14,30,17,50784,15249,-12.506
14,31,17,50784,15249,-3.4995
14,31,17,50784,15249,5.8134
14,31,17,50784,15249,-6.378
14,31,17,50784,15249,5.035
14,31,17,50784,15249,-3.2161
14,31,17,50784,15249,4.7933
14,31,17,50784,15249,-3.6264
14,31,17,50784,15249,-3.8719
14,31,17,50784,15249,-2.625
14,31,17,50784,15249,-2.829
14,31,17,50784,15249,-13.662
14,31,17,50784,15249,-7.5639
14,31,17,50784,15249,6.7361
14,31,17,50784,15249,3.4361
14,31,17,50784,15249,-2.5148
14,31,17,50784,15249,-4.5467
14,31,17,50784,15249,0.12633
14,31,17,50784,15249,-4.6525
14,31,17,50784,15249,-3.4954
14,31,17,50784,15249,0.23345
14,31,17,50784,15249,-4.3183
14,31,17,50784,15249,-9.4875
14,31,17,50784,15249,-5.9318
14,31,17,50784,15249,-5.6063
14,31,17,50784,15249,7.6244
14,31,17,50784,15249,0.34757
14,31,17,50784,15249,-2.8559
14,31,17,50784,15249,-5.3475
14,31,17,50784,15249,-6.325
14,31,17,50784,15249,-4.6448
14,31,17,50784,15249,-3.5424
14,31,17,50784,15249,6.203
14,31,17,50784,15249,-5.1527
14,31,17,50784,15249,-7.0382
14,31,17,50784,15249,-9.5496
14,31,17,50784,15249,-6.3232
14,31,17,50784,15249,1.955
14,31,17,50784,15249,-6.4356
14,31,17,50784,15249,-5.6846
14,31,17,50784,15249,-7.9993
14,31,17,50784,15249,0.50318
14,31,17,50784,15249,-4.3727
14,31,17,50784,15249,-3.8648
14,31,17,50784,15249,-5.3956
14,31,17,50784,15249,-14.522
14,31,17,50784,15249,-3.1144
14,31,17,50784,15249,-7.1875
14,31,17,50784,15249,-3.0188
14,31,17,50784,15249,-4.5306
14,31,17,50784,15249,0.6308
14,31,17,50784,15249,-2.9413
14,31,17,50784,15249,-10.117
14,31,17,50784,15249,10.35
14,31,17,50784,15249,-4.2821
14,31,17,50784,15249,-6.7573
14,31,17,50784,15249,4.874
14,31,17,50784,15249,-6.2126
14,31,17,50784,15249,6.6814
14,31,17,50784,15249,-6.0375
14,31,17,50784,15249,-3.279
14,31,17,50784,15249,-13.603
14,31,17,50784,15249,-4.3698
14,31,17,50784,15249,-3.2474
14,31,17,50784,15249,-9.2415
14,31,17,50784,15249,-2.9403
14,31,17,50784,15249,-5.206
14,31,17,50784,15249,-2.8744
14,31,17,50784,15249,-6.7246
14,31,17,50784,15249,-9.9188
14,31,17,50784,15249,-4.6368
14,31,17,50784,15249,-3.1646
14,31,17,50784,15249,8.7654
14,31,17,50784,15249,-11.212
14,31,17,50784,15249,5.5842
14,32,17,50784,15249,-2.1476
14,32,17,50784,15249,0.34624
14,32,17,50784,15249,-1.6313
14,32,17,50784,15249,-0.99508
14,32,17,50784,15249,-4.24
14,32,17,50784,15249,-2.6684
14,32,17,50784,15249,-2.0477
14,32,17,50784,15249,-6.216
14,32,17,50784,15249,-2.5362
14,32,17,50784,15249,-2.2456
14,32,17,50784,15249,-5.2255
14,32,17,50784,15249,-4.0957
14,32,17,50784,15249,2.2345
14,32,17,50784,15249,-2.3636
14,32,17,50784,15249,-7.6047
14,32,17,50784,15249,2.1352
14,32,17,50784,15249,-11.986
14,32,17,50784,15249,-3.8776
14,32,17,50784,15249,-1.7834
14,32,17,50784,15249,-4.461
14,32,17,50784,15249,-2.3025
14,32,17,50784,15249,-2.2575
14,32,17,50784,15249,-3.8232
14,33,17,50114,14559,-4.9902
14,33,17,50114,14559,-5.2665
14,33,17,50114,14559,-2.8075
14,33,17,50114,14559,-1.5745
14,33,17,50114,14559,-1.8418
14,33,17,50114,14559,-2.5875
14,33,17,50114,14559,-1.6278
14,33,17,50114,14559,-0.75777
14,33,17,50114,14559,3.5676
14,33,17,50114,14559,-2.84
14,33,17,50114,14559,-5.175
14,33,17,50114,14559,-1.9997
14,33,17,50114,14559,-4.4122
14,33,17,50114,14559,-2.9558
14,33,17,50114,14559,3.877
14,33,17,50114,14559,0.72474
14,33,17,50114,14559,3.1405
14,33,17,50114,14559,6.7768
14,33,17,50114,14559,-4.5996
14,33,17,50114,14559,-2.1234
14,33,17,50114,14559,-2.6941
14,33,17,50114,14559,6.2058
14,33,17,50114,14559,4.3789
14,33,17,50114,14559,-2.1028
14,33,17,50114,14559,3.3739
14,33,17,50114,14559,-3.2483
14,33,17,50114,14559,-1.7089
14,33,17,50114,14559,2.9183
14,33,17,50114,14559,2.7378
14,33,17,50114,14559,-2.0609
14,33,17,50114,14559,3.1654
14,33,17,50114,14559,2.9114
14,33,17,50114,14559,-2.4117
14,33,17,50114,14559,-2.6174
14,33,17,50114,14559,-3.0713
14,33,17,50114,14559,-2.5201
14,33,17,50114,14559,-0.91225
14,33,17,50114,14559,-2.0484
14,33,17,50114,14559,7.6403e-06
14,33,17,50114,14559,-5.6063
14,33,17,50114,14559,-1.8055
14,33,17,50114,14559,-4.0807
14,33,17,50114,14559,-2.1944
14,33,17,50114,14559,3.4192
14,33,17,50114,14559,4.412
14,33,17,50114,14559,-1.7713
14,33,17,50114,14559,5.175
14,33,17,50114,14559,-2.177
14,33,17,50114,14559,-2.7701
14,33,17,50114,14559,-3.5344
14,33,17,50114,14559,-2.1922
14,33,17,50114,14559,-2.4215
14,33,17,50114,14559,4.0048
14,33,17,50114,14559,-4.6575
14,33,17,50114,14559,-4.7438
14,33,17,50114,14559,3.9261
14,33,17,50114,14559,-2.7354
14,33,17,50114,14559,-1.7199
14,33,17,50114,14559,-2.5918
14,33,17,50114,14559,-2.2894
14,33,17,50114,14559,-2.4343
14,33,17,50114,14559,-2.3704
14,33,17,50114,14559,-6.6511
14,33,17,50114,14559,-1.7805
14,33,17,50114,14559,-3.8266
14,33,17,50114,14559,-6.0583
14,33,17,50114,14559,7.7625
14,33,17,50114,14559,1.2465
14,33,17,50114,14559,-1.8504
14,33,17,50114,14559,-1.71
14,34,17,50114,14559,-15.929
14,34,17,50114,14559,-7.4398
14,34,17,50114,14559,6.3039
14,34,17,50114,14559,0.0024426
14,34,17,50114,14559,10.476
14,34,17,50114,14559,11.455
14,34,17,50114,14559,11.235
14,34,17,50114,14559,10.04
14,34,17,50114,14559,5.2929
14,34,17,50114,14559,-4.5963
14,34,17,50114,14559,9.1732
14,34,17,50114,14559,-15.383
14,34,17,50114,14559,-6.1379
14,34,17,50114,14559,9.4875
14,34,17,50114,14559,-15.297
14,34,17,50114,14559,6.317
14,34,17,50114,14559,0.012648
14,34,17,50114,14559,-4.376
14,34,17,50114,14559,-8.3409
14,34,17,50114,14559,6.4688
14,34,17,50114,14559,10.362
14,34,17,50114,14559,-9.0562
14,34,17,50114,14559,-2.573
14,34,17,50114,14559,-4.2659
14,34,17,50114,14559,11.106
14,34,17,50114,14559,6.9846
14,34,17,50114,14559,10.448
14,34,17,50114,14559,-4.3359
14,34,17,50114,14559,7.3032
14,34,17,50114,14559,6.9
14,34,17,50114,14559,6.6863
14,34,17,50114,14559,9.7591
14,34,17,50114,14559,10.475
14,34,17,50114,14559,-3.3854
14,34,17,50114,14559,-4.6621
14,34,17,50114,14559,-5.827
14,34,17,50114,14559,-4.5217
14,34,17,50114,14559,1.4039
14,34,17,50114,14559,-4.8324
14,34,17,50114,14559,-7.3313
14,34,17,50114,14559,-6.1929
14,34,17,50114,14559,-7.3046
14,34,17,50114,14559,-14.2
14,34,17,50114,14559,-4.2681
14,34,17,50114,14559,10.447
14,34,17,50114,14559,-3.707
14,34,17,50114,14559,-9.8631
14,34,17,50114,14559,-3.6422
14,34,17,50114,14559,-3.1456
14,34,17,50114,14559,-7.7861
14,34,17,50114,14559,0.79485
14,34,17,50114,14559,-7.0628
14,34,17,50114,14559,-6.4083
14,34,17,50114,14559,-7.4528
14,34,17,50114,14559,-4.2764
14,34,17,50114,14559,9.5921
14,34,17,50114,14559,-2.9812
14,34,17,50114,14559,-10.896
14,34,17,50114,14559,8.2404
14,34,17,50114,14559,-5.175
14,34,17,50114,14559,-7.8228
14,34,17,50114,14559,-12.744
14,34,17,50114,14559,-7.0902
14,34,17,50114,14559,7.3422
14,34,17,50114,14559,-3.9066
14,34,17,50114,14559,7.7625
14,34,17,50114,14559,6.9
14,34,17,50114,14559,-5.012
14,34,17,50114,14559,9.7636
14,34,17,50114,14559,-8.5675
14,34,17,50114,14559,9.1388
14,34,17,50114,14559,-6.4687
14,34,17,50114,14559,1.4571
14,34,17,50114,14559,9.9847
14,34,17,50114,14559,-12.222
14,35,17,50162,15364,-2.0371
14,35,17,50162,15364,-7.0966
14,35,17,50162,15364,-14.41
14,35,17,50162,15364,-21.033
14,35,17,50162,15364,-2.05
14,35,17,50162,15364,0.5008
14,35,17,50162,15364,-19.15
14,35,17,50162,15364,-33.908
14,35,17,50162,15364,0.59547
14,35,17,50162,15364,-11.062
14,35,17,50162,15364,-3.7948
14,35,17,50162,15364,-28.845
14,35,17,50162,15364,-19.913
14,35,17,50162,15364,-24.505
14,35,17,50162,15364,-27.11
14,35,17,50162,15364,-9.4875
14,35,17,50162,15364,-6.5398
14,35,17,50162,15364,-9.0563
14,35,17,50162,15364,-10.35
14,35,17,50162,15364,-16.819
14,35,17,50162,15364,0.091466
14,35,17,50162,15364,-22.165
14,35,17,50162,15364,-0.083994
14,35,17,50162,15364,5.8052
14,35,17,50162,15364,-7.7051
14,35,17,50162,15364,3.7777
14,35,17,50162,15364,-10.35
14,35,17,50162,15364,2.9926
14,35,17,50162,15364,4.9541
14,35,17,50162,15364,-13.607
14,35,17,50162,15364,1.5792
14,35,17,50162,15364,1.0803
14,35,17,50162,15364,3.8924
14,35,17,50162,15364,4.9398
14,35,17,50162,15364,-2.1779
14,35,17,50162,15364,1.2878
14,35,17,50162,15364,-18.112
14,35,17,50162,15364,-18.112
14,35,17,50162,15364,3.9042
14,35,17,50162,15364,-16.819
14,35,17,50162,15364,-14.251
14,35,17,50162,15364,-9.0175
14,35,17,50162,15364,4.2994
14,35,17,50162,15364,-3.4041
14,35,17,50162,15364,-0.0809
14,35,17,50162,15364,-10.211
14,35,17,50162,15364,-18.544
14,35,17,50162,15364,0.63264
14,35,17,50162,15364,-3.3223
14,35,17,50162,15364,-6.4688
14,35,17,50162,15364,4.7438
14,35,17,50162,15364,-3.2769
14,35,17,50162,15364,-4.1055
14,35,17,50162,15364,-15.089
14,35,17,50162,15364,-7.7625
14,36,17,50474,10488,32.053
14,36,17,50474,10488,104.21
